Drejtoria e Shërbimeve Publike — Grumbullimi i mbetjeve urbane, janar–gusht 2026;;;;
TË DHËNA SINTETIKE — krijuar me dorë për demonstrim, nuk janë shifra zyrtare;;;;
;;;;
Periudha;Njësia administrative;Mbetje të grumbulluara (ton);Xhiro të kamionëve;Familje të shërbyera
Janar 2026;Elbasan;2.455,0;341;25.348
Janar 2026;Bradashesh;72,8;23;1.227
Janar 2026;Funarë;15,0;5;348
Janar 2026;Gjergjan;53,4;17;1.015
Janar 2026;Gjinar;17,9;6;394
Janar 2026;Gracen;23,5;8;500
Janar 2026;Labinot-Fushë;89,8;29;1.439
Janar 2026;Labinot-Mal;27,7;9;576
Janar 2026;Papër;72,9;24;1.288
Janar 2026;Shirgjan;114,8;37;1.848
Janar 2026;Shushicë;99,4;32;1.606
Janar 2026;Tregan;34,9;11;697
Janar 2026;Zavalinë;23,6;8;500
Shkurt 2026;Elbasan;2.132,4;296;25.348
Shkurt 2026;Bradashesh;63,2;20;1.227
Shkurt 2026;Funarë;12,2;4;348
Shkurt 2026;Gjergjan;46,3;15;1.015
Shkurt 2026;Gjinar;15,6;5;394
Shkurt 2026;Gracen;20,4;7;500
Shkurt 2026;Labinot-Fushë;78,0;25;1.439
Shkurt 2026;Labinot-Mal;22,7;7;576
Shkurt 2026;Papër;63,3;20;1.288
Shkurt 2026;Shirgjan;99,7;32;1.848
Shkurt 2026;Shushicë;86,4;28;1.606
Shkurt 2026;Tregan;30,3;10;697
Shkurt 2026;Zavalinë;19,3;6;500
Mars 2026;Elbasan;2.550,0;354;25.348
Mars 2026;Bradashesh;71,2;23;1.227
Mars 2026;Funarë;14,6;5;348
Mars 2026;Gjergjan;52,2;17;1.015
Mars 2026;Gjinar;17,6;6;394
Mars 2026;Gracen;24,4;8;500
Mars 2026;Labinot-Fushë;87,9;28;1.439
Mars 2026;Labinot-Mal;27,1;9;576
Mars 2026;Papër;71,3;23;1.288
Mars 2026;Shirgjan;112,3;36;1.848
Mars 2026;Shushicë;103,3;33;1.606
Mars 2026;Tregan;34,2;11;697
Mars 2026;Zavalinë;23,1;7;500
Prill 2026;Elbasan;2.423,3;337;25.348
Prill 2026;Bradashesh;71,9;23;1.227
Prill 2026;Funarë;14,8;5;348
Prill 2026;Gjergjan;52,7;17;1.015
Prill 2026;Gjinar;17,7;6;394
Prill 2026;Gracen;23,2;7;500
Prill 2026;Labinot-Fushë;88,7;29;1.439
Prill 2026;Labinot-Mal;27,4;9;576
Prill 2026;Papër;72,0;23;1.288
Prill 2026;Shirgjan;113,3;37;1.848
Prill 2026;Shushicë;98,1;32;1.606
Prill 2026;Tregan;34,5;11;697
Prill 2026;Zavalinë;23,3;8;500
Maj 2026;Elbasan;2.647,4;368;25.348
Maj 2026;Bradashesh;73,9;24;1.227
Maj 2026;Funarë;15,2;5;348
Maj 2026;Gjergjan;57,5;19;1.015
Maj 2026;Gjinar;18,2;6;394
Maj 2026;Gracen;25,3;8;500
Maj 2026;Labinot-Fushë;91,2;29;1.439
Maj 2026;Labinot-Mal;28,2;9;576
Maj 2026;Papër;78,6;25;1.288
Maj 2026;Shirgjan;116,6;38;1.848
Maj 2026;Shushicë;107,2;35;1.606
Maj 2026;Tregan;35,5;11;697
Maj 2026;Zavalinë;23,9;8;500
Qershor 2026;Elbasan;2.604,6;362;25.348
Qershor 2026;Bradashesh;77,2;25;1.227
Qershor 2026;Funarë;15,0;5;348
Qershor 2026;Gjergjan;56,6;18;1.015
Qershor 2026;Gjinar;17,9;6;394
Qershor 2026;Gracen;24,9;8;500
Qershor 2026;Labinot-Fushë;95,2;31;1.439
Qershor 2026;Labinot-Mal;27,7;9;576
Qershor 2026;Papër;77,3;25;1.288
Qershor 2026;Shirgjan;114,7;37;1.848
Qershor 2026;Shushicë;105,5;34;1.606
Qershor 2026;Tregan;37,0;12;697
Qershor 2026;Zavalinë;23,5;8;500
Korrik 2026;Elbasan;2.808,2;390;25.348
Korrik 2026;Bradashesh;83,3;27;1.227
Korrik 2026;Funarë;16,1;5;348
Korrik 2026;Gjergjan;61,0;20;1.015
Korrik 2026;Gjinar;20,5;7;394
Korrik 2026;Gracen;26,8;9;500
Korrik 2026;Labinot-Fushë;102,7;33;1.439
Korrik 2026;Labinot-Mal;29,9;10;576
Korrik 2026;Papër;83,4;27;1.288
Korrik 2026;Shirgjan;131,3;42;1.848
Korrik 2026;Shushicë;113,7;37;1.606
Korrik 2026;Tregan;40,0;13;697
Korrik 2026;Zavalinë;25,4;8;500
Gusht 2026;Elbasan;2.725,0;378;25.348
Gusht 2026;Bradashesh;80,8;26;1.227
Gusht 2026;Funarë;16,6;5;348
Gusht 2026;Gjergjan;59,2;19;1.015
Gusht 2026;Gjinar;19,9;6;394
Gusht 2026;Gracen;26,0;8;500
Gusht 2026;Labinot-Fushë;99,7;32;1.439
Gusht 2026;Labinot-Mal;30,8;10;576
Gusht 2026;Papër;80,9;26;1.288
Gusht 2026;Shirgjan;127,5;41;1.848
Gusht 2026;Shushicë;110,4;36;1.606
Gusht 2026;Tregan;38,8;13;697
Gusht 2026;Zavalinë;26,2;8;500
Gjithsej;;25.620,5;4530;
