TË DHËNA SINTETIKE (SINTETIKE) — Pastrimi dhe grumbullimi i mbetjeve, janar–gusht 2026 (versioni 2) · Të dhëna sintetike për demonstrim — nuk janë shifra zyrtare;;;;;
Muaji;Njësia administrative;Tonazhi;Nr. i kursimeve;Familje të mbuluara;Operatori
2026-01;Elbasan;2.562,4;404;23.944;Operatori A
2026-01;Bradashesh;67,3;20;854;Operatori B
2026-01;Funarë;18,5;5;246;Operatori B
2026-01;Gjergjan;56,1;17;703;Operatori B
2026-01;Gjinar;20,9;6;276;Operatori B
2026-01;Gracen;26,0;7;349;Operatori B
2026-01;Labinot-Fushë;79,0;24;1.009;Operatori B
2026-01;Labinot-Mal;30,6;9;403;Operatori B
2026-01;Papër;67,5;20;905;Operatori B
2026-01;Shirgjan;98,3;30;1.291;Operatori B
2026-01;Shushicë;89,3;25;1.115;Operatori B
2026-01;Tregan;37,4;11;483;Operatori B
2026-01;Zavalinë;26,0;8;348;Operatori B
2026-02;Elbasan;2.225,3;336;24.017;Operatori A
2026-02;Bradashesh;59,2;17;849;Operatori B
2026-02;Funarë;16,6;5;242;Operatori B
2026-02;Gjergjan;49,5;15;709;Operatori B
2026-02;Gjinar;18,0;5;277;Operatori B
2026-02;Gracen;24,5;7;352;Operatori B
2026-02;Labinot-Fushë;66,7;20;1.001;Operatori B
2026-02;Labinot-Mal;26,3;8;405;Operatori B
2026-02;Papër;58,6;17;897;Operatori B
2026-02;Shirgjan;87,7;27;1.281;Operatori B
2026-02;Shushicë;75,4;22;1.117;Operatori B
2026-02;Tregani;32,4;9;491;Operatori B
2026-02;Zavalinë;23,5;7;347;Operatori B
2026-03;Elbasan;2.613,6;389;24.024;Operatori A
2026-03;Bradashesh;65,8;20;852;Operatori B
2026-03;Funarë;18,5;6;241;Operatori B
2026-03;Gjergjan;56,8;16;704;Operatori B
2026-03;Gjinar;21,7;6;273;Operatori B
2026-03;Gracen;28,1;8;352;Operatori B
2026-03;Labinot-Fushë;79,8;23;997;Operatori B
2026-03;Labinot-Mal;30,7;9;406;Operatori B
2026-03;Papër;72,2;22;898;Operatori B
2026-03;Shirgjan;105,0;32;1.304;Operatori B
2026-03;Shushicë;89,1;26;1.122;Operatori B
2026-03;Tregan;38,3;11;484;Operatori B
2026-03;Zavalinë;27,4;8;351;Operatori B
2026-04;Elbasan;2.682,8;396;23.763;Operatori A
2026-04;Bradashesh ;65,5;19;865;Operatori B
2026-04;Funarë;18,9;5;246;Operatori B
2026-04;Gjergjan;54,8;16;714;Operatori B
2026-04;Gjinar;21,1;6;276;Operatori B
2026-04;Gracen;26,2;7;350;Operatori B
2026-04;Labinot-Fushë;77,5;23;996;Operatori B
2026-04;Labinot-Mal;30,9;9;402;Operatori B
2026-04;Papër;72,1;21;906;Operatori B
2026-04;Shirgjan;99,1;29;1.300;Operatori B
2026-04;Shushicë;86,5;24;1.120;Operatori B
2026-04;Tregan ;38,1;11;485;Operatori B
2026-04;Zavalina;26,9;8;348;Operatori B
2026-05;Elbasan;2.822,2;414;24.079;Operatori A
2026-05;Bradashesh;72,5;22;851;Operatori B
2026-05;Funarë;19,3;6;244;Operatori B
2026-05;Gjergjan;59,3;17;705;Operatori B
2026-05;Gjinar;22,8;7;276;Operatori B
2026-05;Gracen;27,6;8;351;Operatori B
2026-05;Labinot-Fushë;85,2;25;1.007;Operatori B
2026-05;Labinot-Mal;33,4;10;402;Operatori B
2026-05;Papër;72,0;21;906;Operatori B
2026-05;Shirgjani;105,9;30;1.285;Operatori B
2026-05;Shushicë;93,9;28;1.112;Operatori B
2026-05;Tregan;40,7;12;492;Operatori B
2026-05;Zavalinë;27,9;8;351;Operatori B
2026-06;Elbasan;2.871,6;443;23.997;Operatori A
2026-06;Bradashesh;72,2;20;862;Operatori B
2026-06;Funarë ;19,3;6;246;Operatori B
2026-06;Gjergjan;56,6;17;711;Operatori B
2026-06;Gjinar;22,7;7;276;Operatori B
2026-06;Gracen;28,6;9;352;Operatori B
2026-06;Labinot-Fushë;80,5;24;1.015;Operatori B
2026-06;Labinot-Mal;34,2;10;400;Operatori B
2026-06;Papër ;74,7;21;904;Operatori B
2026-06;Shirgjan;105,6;31;1.290;Operatori B
2026-06;Shushicë;90,7;26;1.112;Operatori B
2026-06;Tregan;39,7;12;491;Operatori B
2026-06;Zavalinë;29,6;9;347;Operatori B
2026-07;Elbasan;2.994,4;461;23.839;Operatori A
2026-07;Bradashesh;76,5;23;860;Operatori B
2026-07;Funarë;20,8;6;245;Operatori B
2026-07;Gjergjan;63,5;19;713;Operatori B
2026-07;Gjinar;0;7;274;Operatori B
2026-07;Gracen;30,2;9;349;Operatori B
2026-07;Labinot Fushe;87,5;25;1.007;Operatori B
2026-07;Labinot-Mal;33,9;10;401;Operatori B
2026-07;Papër;80,5;25;900;Operatori B
2026-07;Shirgjan;111,6;31;1.300;Operatori B
2026-07;Shushicë;101,9;30;1.122;Operatori B
2026-07;Tregan;43,3;13;488;Operatori B
2026-07;Zavalinë;30,7;9;351;Operatori B
2026-08;Elbasan;2.953,0;471;23.849;Operatori A
2026-08;Bradashesh;77,7;22;858;Operatori B
2026-08;Funarë;21,6;6;244;Operatori B
2026-08;Gjergjan ;64,1;19;710;Operatori B
2026-08;Gjinar;24,9;7;274;Operatori B
2026-08;Gracen;30,1;9;350;Operatori B
2026-08;Labinot-Fushë;86,9;25;996;Operatori B
2026-08;Labinot-Mal;34,5;10;406;Operatori B
2026-08;Papër;76,6;23;903;Operatori B
2026-08;Shirgjani;112,6;34;1.304;Operatori B
2026-08;Shushicë;98,5;28;1.116;Operatori B
2026-08;Tregani;44,1;13;486;Operatori B
2026-08;Zavalina;30,4;9;347;Operatori B
;;;;;
TOTALI;;26.828,9;4.818;;
