TË DHËNA SINTETIKE (SINTETIKE) — Popullsia sipas njësive administrative · Të dhëna sintetike për demonstrim — nuk janë shifra zyrtare,,
Njësia administrative,Baza,Banorë
Elbasan,census_2023,83650
Bradashesh,census_2023,4050
Funarë,census_2023,1150
Gjergjan,census_2023,3350
Gjinar,census_2023,1300
Gracen,census_2023,1650
Labinot-Fushë,census_2023,4750
Labinot-Mal,census_2023,1900
Papër,census_2023,4250
Shirgjan,census_2023,6100
Shushicë,census_2023,5300
Tregan,census_2023,2300
Zavalinë,census_2023,1650
Elbasan,civil_registry,132400
Bradashesh,civil_registry,8300
Funarë,civil_registry,2900
Gjergjan,civil_registry,7100
Gjinar,civil_registry,3300
Gracen,civil_registry,3900
Labinot-Fushë,civil_registry,9200
Labinot-Mal,civil_registry,4700
Papër,civil_registry,8100
Shirgjan,civil_registry,10600
Shushicë,civil_registry,9800
Tregan,civil_registry,5100
Zavalinë,civil_registry,3300
